country,year,donation,receival,n,rank
India,1973,0,2285256534,-2285256534,1
India,1974,0,3697747278,-3697747278,1
India,1975,0,3000656166,-3000656166,1
India,1976,0,2233586413,-2233586413,1
India,1977,0,3197135157,-3197135157,1
India,1978,0,2927325215,-2927325215,1
India,1979,0,1622748901,-1622748901,1
India,1980,0,2968245303,-2968245303,1
India,1981,0,3706661088,-3706661088,1
India,1982,0,2822105457,-2822105457,1
India,1983,0,2653699004,-2653699004,1
India,1984,0,4584531386,-4584531386,1
India,1985,0,1837835819,-1837835819,1
India,1986,0,3003947484,-3003947484,1
India,1987,0,4191375895,-4191375895,1
India,1988,0,3844238228,-3844238228,1
India,1989,0,3091093501,-3091093501,1
India,1990,0,2036236423,-2036236423,1
India,1991,0,3660869551,-3660869551,1
India,1992,0,5341953099,-5341953099,1
India,1993,0,1327287513,-1327287513,1
India,1994,0,4096778597,-4096778597,1
India,1995,0,2704173002,-2704173002,1
India,1996,0,4151165519,-4151165519,1
India,1997,0,4794906726,-4794906726,1
India,1998,0,2478951563,-2478951563,1
India,1999,0,1932216592,-1932216592,1
India,2000,0,1141656334,-1141656334,1
India,2001,0,2198367696,-2198367696,1
India,2002,0,2324315788,-2324315788,1
India,2003,0,2616814261,-2616814261,1
India,2004,0,2884182630,-2884182630,1
India,2005,0,3340560624,-3340560624,1
India,2006,0,4144135136,-4144135136,1
India,2007,0,5386224705,-5386224705,1
India,2008,0,5044559917,-5044559917,1
India,2009,0,3706828324,-3706828324,1
India,2010,0,3826639675,-3826639675,1
India,2011,0,3652445742,-3652445742,1
India,2012,0,4970365576,-4970365576,1
India,2013,0,4550646147,-4550646147,1
Thailand,2007,4469,246621101,-246616632,2
Thailand,2010,20992,560953853,-560932861,2
Thailand,1973,0,206363405,-206363405,2
Thailand,1974,0,867668418,-867668418,2
Thailand,1975,0,333639956,-333639956,2
Thailand,1976,0,110042103,-110042103,2
Thailand,1977,0,715883953,-715883953,2
Thailand,1978,0,859278853,-859278853,2
Thailand,1979,0,1283439829,-1283439829,2
Thailand,1980,0,902852253,-902852253,2
Thailand,1981,0,1178204797,-1178204797,2
Thailand,1982,0,1595007194,-1595007194,2
Thailand,1983,0,1165432587,-1165432587,2
Thailand,1984,0,1135099078,-1135099078,2
Thailand,1985,0,1151123605,-1151123605,2
Thailand,1986,0,762121484,-762121484,2
Thailand,1987,0,1016033769,-1016033769,2
Thailand,1988,0,1297612686,-1297612686,2
Thailand,1989,0,626032718,-626032718,2
Thailand,1990,0,1790643316,-1790643316,2
Thailand,1991,0,1898189675,-1898189675,2
Thailand,1992,0,1014335727,-1014335727,2
Thailand,1993,0,3338548445,-3338548445,2
Thailand,1994,0,1416098158,-1416098158,2
Thailand,1995,0,792655526,-792655526,2
Thailand,1996,0,1671334558,-1671334558,2
Thailand,1997,0,6371021429,-6371021429,2
Thailand,1998,0,2437534353,-2437534353,2
Thailand,1999,0,3761639876,-3761639876,2
Thailand,2000,0,1792837766,-1792837766,2
Thailand,2001,0,532323112,-532323112,2
Thailand,2002,0,1205361664,-1205361664,2
Thailand,2003,0,289796785,-289796785,2
Thailand,2004,0,722232350,-722232350,2
Thailand,2005,0,750726362,-750726362,2
Thailand,2006,0,475487975,-475487975,2
Thailand,2008,0,938244893,-938244893,2
Thailand,2009,0,1038513059,-1038513059,2
Thailand,2011,0,196842375,-196842375,2
Thailand,2012,0,333622409,-333622409,2
Thailand,2013,0,259915985,-259915985,2
Brazil,2007,50889,424596650,-424545761,3
Brazil,2008,168870,575890217,-575721347,3
Brazil,2010,914681,1059210583,-1058295902,3
Brazil,1973,0,312075045,-312075045,3
Brazil,1974,0,306601048,-306601048,3
Brazil,1975,0,100725686,-100725686,3
Brazil,1976,0,83580485,-83580485,3
Brazil,1977,0,501438883,-501438883,3
Brazil,1978,0,151531351,-151531351,3
Brazil,1979,0,167462062,-167462062,3
Brazil,1980,0,397591374,-397591374,3
Brazil,1981,0,1019510084,-1019510084,3
Brazil,1982,0,577695039,-577695039,3
Brazil,1983,0,129429939,-129429939,3
Brazil,1984,0,643593148,-643593148,3
Brazil,1985,0,1150188786,-1150188786,3
Brazil,1986,0,398238987,-398238987,3
Brazil,1987,0,688641987,-688641987,3
Brazil,1988,0,319508348,-319508348,3
Brazil,1989,0,470795753,-470795753,3
Brazil,1990,0,546410160,-546410160,3
Brazil,1991,0,1398521154,-1398521154,3
Brazil,1992,0,269771857,-269771857,3
Brazil,1993,0,726672442,-726672442,3
Brazil,1994,0,2807702721,-2807702721,3
Brazil,1995,0,2573830958,-2573830958,3
Brazil,1996,0,1902899155,-1902899155,3
Brazil,1997,0,2033092975,-2033092975,3
Brazil,1998,0,1758374210,-1758374210,3
Brazil,1999,0,1319316622,-1319316622,3
Brazil,2000,0,1106359401,-1106359401,3
Brazil,2001,0,1574635711,-1574635711,3
Brazil,2002,0,1545038937,-1545038937,3
Brazil,2003,0,779392718,-779392718,3
Brazil,2004,0,646604536,-646604536,3
Brazil,2005,0,723697976,-723697976,3
Brazil,2006,0,473262403,-473262403,3
Brazil,2009,0,783901399,-783901399,3
Brazil,2011,0,1013210831,-1013210831,3
Brazil,2012,0,2443208137,-2443208137,3
Brazil,2013,0,703048320,-703048320,3
Colombia,2007,77466,800292991,-800215525,4
Colombia,2008,6798,1190054198,-1190047400,4
Colombia,2010,106531,1128442346,-1128335815,4
Colombia,1973,0,549944785,-549944785,4
Colombia,1974,0,203545814,-203545814,4
Colombia,1975,0,145779156,-145779156,4
Colombia,1976,0,143082677,-143082677,4
Colombia,1977,0,67799905,-67799905,4
Colombia,1978,0,54438681,-54438681,4
Colombia,1979,0,15388003,-15388003,4
Colombia,1980,0,257368296,-257368296,4
Colombia,1981,0,176100059,-176100059,4
Colombia,1982,0,1228919949,-1228919949,4
Colombia,1983,0,110714529,-110714529,4
Colombia,1984,0,204495135,-204495135,4
Colombia,1985,0,835091486,-835091486,4
Colombia,1986,0,310212012,-310212012,4
Colombia,1987,0,74058995,-74058995,4
Colombia,1988,0,234020126,-234020126,4
Colombia,1989,0,200318505,-200318505,4
Colombia,1990,0,539309295,-539309295,4
Colombia,1991,0,484986642,-484986642,4
Colombia,1992,0,492185858,-492185858,4
Colombia,1993,0,648542403,-648542403,4
Colombia,1994,0,303016912,-303016912,4
Colombia,1995,0,586866583,-586866583,4
Colombia,1996,0,1052281529,-1052281529,4
Colombia,1997,0,94226174,-94226174,4
Colombia,1998,0,407763235,-407763235,4
Colombia,1999,0,881928095,-881928095,4
Colombia,2000,0,1899134643,-1899134643,4
Colombia,2001,0,585022135,-585022135,4
Colombia,2002,0,835264836,-835264836,4
Colombia,2003,0,1086177861,-1086177861,4
Colombia,2004,0,951773147,-951773147,4
Colombia,2005,0,1056910201,-1056910201,4
Colombia,2006,0,1617817757,-1617817757,4
Colombia,2009,0,1279008966,-1279008966,4
Colombia,2011,0,749156157,-749156157,4
Colombia,2012,0,1009768225,-1009768225,4
Colombia,2013,0,1039328005,-1039328005,4
Poland,2013,403184,0,403184,5
Poland,1980,0,75000451,-75000451,5
Poland,1981,0,35410,-35410,5
Poland,1982,0,70326,-70326,5
Poland,1983,0,63282,-63282,5
Poland,1985,0,1014259163,-1014259163,5
Poland,1986,0,7204596,-7204596,5
Poland,1988,0,11464751,-11464751,5
Poland,1989,0,2608739881,-2608739881,5
Poland,1990,0,3069497876,-3069497876,5
Poland,1991,0,326279481,-326279481,5
Poland,1992,0,9141850218,-9141850218,5
Poland,1993,0,367250867,-367250867,5
Poland,1994,0,431842731,-431842731,5
Poland,1995,0,3376022477,-3376022477,5
Poland,1996,0,359200576,-359200576,5
Poland,1997,0,309290589,-309290589,5
Poland,1998,0,338026840,-338026840,5
Poland,1999,0,377114427,-377114427,5
Poland,2000,0,632761107,-632761107,5
Poland,2001,0,670468736,-670468736,5
Poland,2002,0,479506516,-479506516,5
Poland,2003,0,492707038,-492707038,5
Poland,2004,0,428513747,-428513747,5
Poland,2007,0,54102,-54102,5
Korea,2006,331823583,0,331823583,6
Korea,2007,305841026,0,305841026,6
Korea,2008,57406444,0,57406444,6
Korea,2009,168844005,0,168844005,6
Korea,2010,9946450,0,9946450,6
Korea,2011,11082508,0,11082508,6
Korea,2012,16780372,0,16780372,6
Korea,2013,397323332,0,397323332,6
Korea,1973,0,1363706959,-1363706959,6
Korea,1974,0,1455639048,-1455639048,6
Korea,1975,0,299226023,-299226023,6
Korea,1976,0,938952566,-938952566,6
Korea,1977,0,418471898,-418471898,6
Korea,1978,0,801254989,-801254989,6
Korea,1979,0,146708076,-146708076,6
Korea,1980,0,2625763424,-2625763424,6
Korea,1981,0,1656173571,-1656173571,6
Korea,1982,0,216083049,-216083049,6
Korea,1983,0,665624126,-665624126,6
Korea,1984,0,891180603,-891180603,6
Korea,1985,0,907605958,-907605958,6
Korea,1986,0,119590826,-119590826,6
Korea,1987,0,482793059,-482793059,6
Korea,1988,0,438174916,-438174916,6
Korea,1989,0,233488453,-233488453,6
Korea,1990,0,1095572646,-1095572646,6
Korea,1991,0,39850875,-39850875,6
Korea,1992,0,3337566,-3337566,6
Korea,1993,0,3157283,-3157283,6
Korea,1994,0,1076359694,-1076359694,6
Korea,1995,0,3947605,-3947605,6
Korea,1996,0,369583888,-369583888,6
Korea,1997,0,1019452888,-1019452888,6
Korea,1998,0,10793650,-10793650,6
Korea,1999,0,5783774361,-5783774361,6
Korea,2000,0,444810035,-444810035,6
Korea,2001,0,864874549,-864874549,6
Korea,2002,0,657470006,-657470006,6
Korea,2003,0,117959852,-117959852,6
Korea,2004,0,142941011,-142941011,6
South Africa,1987,0,105825534,-105825534,7
South Africa,1988,0,110849,-110849,7
South Africa,1989,0,320399942,-320399942,7
South Africa,1990,0,271828896,-271828896,7
South Africa,1991,0,64650922,-64650922,7
South Africa,1992,0,234490451,-234490451,7
South Africa,1993,0,541955585,-541955585,7
South Africa,1994,0,516230795,-516230795,7
South Africa,1995,0,626257607,-626257607,7
South Africa,1996,0,974078843,-974078843,7
South Africa,1997,0,694290770,-694290770,7
South Africa,1998,0,666789364,-666789364,7
South Africa,1999,0,669943614,-669943614,7
South Africa,2000,0,737221627,-737221627,7
South Africa,2001,0,935444476,-935444476,7
South Africa,2002,0,644990736,-644990736,7
South Africa,2003,0,608581390,-608581390,7
South Africa,2004,0,540700003,-540700003,7
South Africa,2005,0,927379768,-927379768,7
South Africa,2006,0,853103554,-853103554,7
South Africa,2007,0,1070653291,-1070653291,7
South Africa,2008,0,1148281785,-1148281785,7
South Africa,2009,0,1281799284,-1281799284,7
South Africa,2010,0,971208512,-971208512,7
South Africa,2011,0,943390545,-943390545,7
South Africa,2012,0,955734671,-955734671,7
South Africa,2013,0,1350212256,-1350212256,7
Chile,2002,117867,118858994,-118741127,8
Chile,2003,32051,74584206,-74552155,8
Chile,2004,37923,86004680,-85966757,8
Chile,2005,49967,73415885,-73365918,8
Chile,2006,129055,53907751,-53778696,8
Chile,2007,56833,114940960,-114884127,8
Chile,2008,10280,275383474,-275373194,8
Chile,2009,40764,136810686,-136769922,8
Chile,2010,89609,120087929,-119998320,8
Chile,1973,0,88056078,-88056078,8
Chile,1974,0,257689227,-257689227,8
Chile,1975,0,365408442,-365408442,8
Chile,1976,0,155551297,-155551297,8
Chile,1977,0,2568149,-2568149,8
Chile,1978,0,4418418,-4418418,8
Chile,1979,0,49451759,-49451759,8
Chile,1980,0,17218386,-17218386,8
Chile,1981,0,24802202,-24802202,8
Chile,1982,0,25718071,-25718071,8
Chile,1983,0,33869655,-33869655,8
Chile,1984,0,314012953,-314012953,8
Chile,1985,0,624811340,-624811340,8
Chile,1986,0,123522992,-123522992,8
Chile,1987,0,62625327,-62625327,8
Chile,1988,0,73331550,-73331550,8
Chile,1989,0,152229260,-152229260,8
Chile,1990,0,260281186,-260281186,8
Chile,1991,0,575859750,-575859750,8
Chile,1992,0,686092378,-686092378,8
Chile,1993,0,246885634,-246885634,8
Chile,1994,0,98616016,-98616016,8
Chile,1995,0,326285394,-326285394,8
Chile,1996,0,66195930,-66195930,8
Chile,1997,0,180051006,-180051006,8
Chile,1998,0,279286896,-279286896,8
Chile,1999,0,312658747,-312658747,8
Chile,2000,0,143596162,-143596162,8
Chile,2001,0,290131143,-290131143,8
Chile,2011,0,63814172,-63814172,8
Chile,2012,0,72801720,-72801720,8
Chile,2013,0,302293325,-302293325,8
Kuwait,1976,206494798,0,206494798,9
Kuwait,1977,86642765,0,86642765,9
Kuwait,1978,103885863,0,103885863,9
Kuwait,1979,59307807,0,59307807,9
Kuwait,1980,23153412,0,23153412,9
Kuwait,1981,298564124,78425,298485699,9
Kuwait,1982,181627819,0,181627819,9
Kuwait,1983,154970641,0,154970641,9
Kuwait,1984,27051193,0,27051193,9
Kuwait,1986,84167688,0,84167688,9
Kuwait,1988,43914563,30421288,13493275,9
Kuwait,1989,43493083,0,43493083,9
Kuwait,1992,6635123,7406838194,-7400203071,9
Kuwait,1993,25461230,0,25461230,9
Kuwait,1996,21381183,612124,20769059,9
Kuwait,1998,1107033,733164,373869,9
Kuwait,2001,1219994,4044688,-2824694,9
Kuwait,1973,0,325483,-325483,9
Kuwait,1985,0,524410,-524410,9
Kuwait,1990,0,1568,-1568,9
Kuwait,1991,0,10244282,-10244282,9
Kuwait,1994,0,6860796,-6860796,9
Kuwait,1995,0,302540263,-302540263,9
Kuwait,1997,0,530951,-530951,9
Kuwait,1999,0,868779,-868779,9
Kuwait,2000,0,959746,-959746,9
Kuwait,2002,0,3038480,-3038480,9
Kuwait,2003,0,819946,-819946,9
Kuwait,2004,0,2097489,-2097489,9
Romania,1980,0,44381441,-44381441,10
Romania,1981,0,262077414,-262077414,10
Romania,1989,0,5092048,-5092048,10
Romania,1990,0,299897,-299897,10
Romania,1991,0,2904763,-2904763,10
Romania,1992,0,174756620,-174756620,10
Romania,1993,0,92433527,-92433527,10
Romania,1994,0,47195859,-47195859,10
Romania,1995,0,189810215,-189810215,10
Romania,1996,0,240362515,-240362515,10
Romania,1997,0,168028130,-168028130,10
Romania,1998,0,339859562,-339859562,10
Romania,1999,0,222375326,-222375326,10
Romania,2000,0,223359836,-223359836,10
Romania,2001,0,636869083,-636869083,10
Romania,2002,0,277336395,-277336395,10
Romania,2003,0,202807923,-202807923,10
Romania,2004,0,198721214,-198721214,10
Romania,2005,0,278521,-278521,10
Romania,2007,0,97380,-97380,10
Romania,2008,0,12192,-12192,10
Taiwan,1994,45628882,2655902,42972980,11
Taiwan,1999,30163151,603873086,-573709935,11
Taiwan,2006,6324571,0,6324571,11
Taiwan,2007,375139,0,375139,11
Taiwan,2008,348667,0,348667,11
Taiwan,2009,327156,14202,312954,11
Taiwan,2010,287807,0,287807,11
Taiwan,2011,282125,0,282125,11
Taiwan,1974,0,115048,-115048,11
Taiwan,1977,0,163198,-163198,11
Taiwan,1980,0,374058844,-374058844,11
Taiwan,1981,0,312886996,-312886996,11
Taiwan,1982,0,617069786,-617069786,11
Taiwan,1983,0,54105626,-54105626,11
Taiwan,1984,0,247894043,-247894043,11
Taiwan,1985,0,28782961,-28782961,11
Taiwan,1986,0,21795291,-21795291,11
Taiwan,1987,0,14965414,-14965414,11
Taiwan,1988,0,29459009,-29459009,11
Taiwan,1989,0,75026666,-75026666,11
Taiwan,1991,0,5446049,-5446049,11
Taiwan,1995,0,2561779,-2561779,11
Taiwan,1996,0,9333721,-9333721,11
Taiwan,1997,0,2454079,-2454079,11
Taiwan,1998,0,876129,-876129,11
Taiwan,2000,0,779075653,-779075653,11
Taiwan,2001,0,13689330,-13689330,11
Taiwan,2002,0,170259619,-170259619,11
Taiwan,2003,0,15103689,-15103689,11
Taiwan,2004,0,17888290,-17888290,11
Saudi Arabia,1977,540365522,0,540365522,12
Saudi Arabia,1978,251262679,622892,250639787,12
Saudi Arabia,1980,112421249,120375527,-7954278,12
Saudi Arabia,1981,131496682,409548081,-278051399,12
Saudi Arabia,1983,79371799,206745775,-127373976,12
Saudi Arabia,1984,346714096,59201063,287513033,12
Saudi Arabia,1985,128074768,35529584,92545184,12
Saudi Arabia,1986,35996220,36516861,-520641,12
Saudi Arabia,1987,72707674,0,72707674,12
Saudi Arabia,1973,0,65097,-65097,12
Saudi Arabia,1979,0,12014220,-12014220,12
Saudi Arabia,1982,0,197083911,-197083911,12
Saudi Arabia,1988,0,42431775,-42431775,12
Saudi Arabia,1991,0,89458009,-89458009,12
Saudi Arabia,1992,0,148479604,-148479604,12
Saudi Arabia,1994,0,5682814,-5682814,12
Saudi Arabia,1995,0,7397882,-7397882,12
Saudi Arabia,1996,0,2409008,-2409008,12
Saudi Arabia,1997,0,2120366,-2120366,12
Saudi Arabia,1998,0,1348961,-1348961,12
Saudi Arabia,1999,0,2722986716,-2722986716,12
Saudi Arabia,2000,0,707503988,-707503988,12
Saudi Arabia,2001,0,5047242,-5047242,12
Saudi Arabia,2002,0,2651835,-2651835,12
Saudi Arabia,2003,0,8735630,-8735630,12
Saudi Arabia,2004,0,12603354,-12603354,12
Saudi Arabia,2005,0,9206877,-9206877,12
Saudi Arabia,2006,0,14209342,-14209342,12
Saudi Arabia,2007,0,16462193,-16462193,12
Saudi Arabia,2008,0,348667,-348667,12
Saudi Arabia,2009,0,327156,-327156,12
Saudi Arabia,2010,0,352548,-352548,12
Saudi Arabia,2011,0,282125,-282125,12
Hungary,2005,254145,0,254145,13
Hungary,2007,2747,21733,-18986,13
Hungary,2008,67660,0,67660,13
Hungary,1985,0,31296368,-31296368,13
Hungary,1989,0,1482250,-1482250,13
Hungary,1990,0,315616677,-315616677,13
Hungary,1991,0,624227866,-624227866,13
Hungary,1992,0,179864578,-179864578,13
Hungary,1993,0,322532354,-322532354,13
Hungary,1994,0,393976481,-393976481,13
Hungary,1995,0,330369147,-330369147,13
Hungary,1996,0,349275403,-349275403,13
Hungary,1997,0,53047029,-53047029,13
Hungary,1998,0,27853171,-27853171,13
Hungary,1999,0,26274654,-26274654,13
Hungary,2000,0,29607289,-29607289,13
Hungary,2001,0,71227382,-71227382,13
Hungary,2002,0,46184177,-46184177,13
Hungary,2003,0,68595560,-68595560,13
Hungary,2004,0,53861240,-53861240,13
Hungary,2010,0,14132,-14132,13
Czech Republic,1996,4724939,35124917,-30399978,14
Czech Republic,1997,1151600,99553819,-98402219,14
Czech Republic,2001,530941,65382378,-64851437,14
Czech Republic,2002,156771,60471458,-60314687,14
Czech Republic,2003,247942,45608312,-45360370,14
Czech Republic,2005,119901,46801,73100,14
Czech Republic,2006,918070,0,918070,14
Czech Republic,2008,230219,0,230219,14
Czech Republic,2009,397563,0,397563,14
Czech Republic,2011,164099,0,164099,14
Czech Republic,2012,165238,0,165238,14
Czech Republic,2013,123152,0,123152,14
Czech Republic,1990,0,549039,-549039,14
Czech Republic,1991,0,392264026,-392264026,14
Czech Republic,1992,0,212986243,-212986243,14
Czech Republic,1993,0,170159661,-170159661,14
Czech Republic,1994,0,487593167,-487593167,14
Czech Republic,1995,0,182015721,-182015721,14
Czech Republic,1998,0,120505911,-120505911,14
Czech Republic,1999,0,82522618,-82522618,14
Czech Republic,2000,0,145892164,-145892164,14
Czech Republic,2004,0,41237106,-41237106,14
Cyprus,2005,5599,0,5599,15
Cyprus,1973,0,9613414,-9613414,15
Cyprus,1974,0,16432279,-16432279,15
Cyprus,1975,0,5864941,-5864941,15
Cyprus,1976,0,31022257,-31022257,15
Cyprus,1977,0,20945184,-20945184,15
Cyprus,1978,0,46647,-46647,15
Cyprus,1979,0,15837039,-15837039,15
Cyprus,1980,0,87110643,-87110643,15
Cyprus,1981,0,110234644,-110234644,15
Cyprus,1982,0,31348629,-31348629,15
Cyprus,1983,0,51405078,-51405078,15
Cyprus,1984,0,79282641,-79282641,15
Cyprus,1985,0,39214175,-39214175,15
Cyprus,1986,0,56716357,-56716357,15
Cyprus,1987,0,29088415,-29088415,15
Cyprus,1988,0,60836704,-60836704,15
Cyprus,1989,0,32612810,-32612810,15
Cyprus,1990,0,11768247,-11768247,15
Cyprus,1991,0,24108788,-24108788,15
Cyprus,1992,0,29261936,-29261936,15
Cyprus,1993,0,42046495,-42046495,15
Cyprus,1994,0,46104382,-46104382,15
Cyprus,1995,0,1233692,-1233692,15
Cyprus,1996,0,17809922,-17809922,15
Cyprus,1997,0,9602634,-9602634,15
Cyprus,1998,0,563689,-563689,15
Cyprus,1999,0,19380977,-19380977,15
Cyprus,2000,0,5189473,-5189473,15
Cyprus,2001,0,26263860,-26263860,15
Cyprus,2002,0,23150596,-23150596,15
Cyprus,2003,0,9421124,-9421124,15
Cyprus,2004,0,24632806,-24632806,15
Cyprus,2007,0,4469,-4469,15
Slovak Republic,2005,326093,0,326093,16
Slovak Republic,2009,14202,0,14202,16
Slovak Republic,2010,14132,0,14132,16
Slovak Republic,2013,41147,0,41147,16
Slovak Republic,1993,0,9121048,-9121048,16
Slovak Republic,1994,0,52553361,-52553361,16
Slovak Republic,1995,0,75586685,-75586685,16
Slovak Republic,1996,0,120767538,-120767538,16
Slovak Republic,1997,0,219387257,-219387257,16
Slovak Republic,1998,0,22763026,-22763026,16
Slovak Republic,1999,0,132187615,-132187615,16
Slovak Republic,2000,0,24767414,-24767414,16
Slovak Republic,2001,0,52945385,-52945385,16
Slovak Republic,2002,0,35860783,-35860783,16
Slovak Republic,2003,0,41479968,-41479968,16
Slovak Republic,2004,0,33775543,-33775543,16
Ireland,2000,7976318,171345603,-163369285,17
Ireland,2001,13231961,175063408,-161831447,17
Ireland,2002,22971354,272240314,-249268960,17
Ireland,2003,27083746,0,27083746,17
Ireland,2004,23980282,0,23980282,17
Ireland,2005,28639372,0,28639372,17
Ireland,2006,28942598,0,28942598,17
Ireland,2007,28202952,0,28202952,17
Ireland,2008,34965187,0,34965187,17
Ireland,2009,21707708,0,21707708,17
Ireland,2010,15971582,0,15971582,17
Ireland,2011,16164777,0,16164777,17
Ireland,2012,14021437,0,14021437,17
Ireland,2013,11285184,0,11285184,17
Ireland,1980,0,30268231,-30268231,17
Ireland,1981,0,58605044,-58605044,17
Ireland,1990,0,46238132,-46238132,17
Ireland,1991,0,6065209,-6065209,17
Ireland,1999,0,174812788,-174812788,17
Qatar,2007,104519053,0,104519053,18
Qatar,1988,0,9137956,-9137956,18
Qatar,1989,0,2949100,-2949100,18
Qatar,1993,0,9564499,-9564499,18
Qatar,1994,0,1252342,-1252342,18
Qatar,1995,0,346430,-346430,18
Qatar,1996,0,836714,-836714,18
Qatar,1997,0,705173409,-705173409,18
Qatar,1998,0,582329,-582329,18
Qatar,1999,0,491169,-491169,18
Qatar,2000,0,673904,-673904,18
Qatar,2001,0,771977,-771977,18
Qatar,2002,0,220245,-220245,18
Qatar,2003,0,324759,-324759,18
Qatar,2004,0,1458916,-1458916,18
Lithuania,1991,0,455029,-455029,19
Lithuania,1992,0,8257205,-8257205,19
Lithuania,1993,0,73709134,-73709134,19
Lithuania,1994,0,28739967,-28739967,19
Lithuania,1995,0,83881095,-83881095,19
Lithuania,1996,0,89026730,-89026730,19
Lithuania,1997,0,20435390,-20435390,19
Lithuania,1998,0,61227246,-61227246,19
Lithuania,1999,0,12053667,-12053667,19
Lithuania,2000,0,16836580,-16836580,19
Lithuania,2001,0,30635613,-30635613,19
Lithuania,2002,0,25362242,-25362242,19
Lithuania,2003,0,33181470,-33181470,19
Lithuania,2004,0,30341902,-30341902,19
Greece,2002,3051811,0,3051811,20
Greece,2003,9823209,0,9823209,20
Greece,2004,875060,0,875060,20
Greece,2005,3084323,0,3084323,20
Greece,2006,2803352,0,2803352,20
Greece,2007,3082200,0,3082200,20
Greece,2008,2542149,0,2542149,20
Greece,2009,2070017,0,2070017,20
Greece,2010,2151692,0,2151692,20
Greece,2011,1740617,0,1740617,20
Greece,2012,1220624,0,1220624,20
Greece,2013,222131,0,222131,20
Greece,1980,0,115371982,-115371982,20
Greece,1981,0,26046686,-26046686,20
Greece,1985,0,36819257,-36819257,20
Greece,1988,0,37727914,-37727914,20
Greece,1991,0,303412067,-303412067,20
Luxembourg,2001,4867259,0,4867259,21
Luxembourg,2002,9896164,139320026,-129423862,21
Luxembourg,2003,830472,0,830472,21
Luxembourg,2004,10034092,0,10034092,21
Luxembourg,2005,13121625,0,13121625,21
Luxembourg,2006,9045047,0,9045047,21
Luxembourg,2007,8883735,0,8883735,21
Luxembourg,2008,9669591,0,9669591,21
Luxembourg,2009,9324881,0,9324881,21
Luxembourg,2010,9812280,0,9812280,21
Luxembourg,2011,9920871,0,9920871,21
Luxembourg,2012,8502699,0,8502699,21
Luxembourg,2013,7645306,0,7645306,21
Luxembourg,1993,0,415719806,-415719806,21
Latvia,1990,0,543060,-543060,22
Latvia,1991,0,398476,-398476,22
Latvia,1992,0,106443347,-106443347,22
Latvia,1993,0,52648796,-52648796,22
Latvia,1994,0,28380386,-28380386,22
Latvia,1995,0,39008900,-39008900,22
Latvia,1996,0,25044880,-25044880,22
Latvia,1997,0,22485213,-22485213,22
Latvia,1998,0,46078691,-46078691,22
Latvia,1999,0,10570801,-10570801,22
Latvia,2000,0,14205663,-14205663,22
Latvia,2001,0,22714406,-22714406,22
Latvia,2002,0,23562554,-23562554,22
Latvia,2003,0,15787761,-15787761,22
Latvia,2004,0,15622106,-15622106,22
Estonia,2001,184731,24044423,-23859692,23
Estonia,2002,94211,8104097,-8009886,23
Estonia,1991,0,990684,-990684,23
Estonia,1992,0,16023398,-16023398,23
Estonia,1993,0,38337840,-38337840,23
Estonia,1994,0,25652518,-25652518,23
Estonia,1995,0,18418713,-18418713,23
Estonia,1996,0,30942970,-30942970,23
Estonia,1997,0,8307811,-8307811,23
Estonia,1998,0,20250742,-20250742,23
Estonia,1999,0,9201870,-9201870,23
Estonia,2000,0,16010329,-16010329,23
Estonia,2003,0,15925093,-15925093,23
Estonia,2004,0,19139015,-19139015,23
United Arab Emirates,1976,64911546,0,64911546,24
United Arab Emirates,2010,1109303,0,1109303,24
United Arab Emirates,2011,590706,0,590706,24
United Arab Emirates,2012,1025431,0,1025431,24
United Arab Emirates,1973,0,65097,-65097,24
United Arab Emirates,1977,0,3599299,-3599299,24
United Arab Emirates,1980,0,174742,-174742,24
United Arab Emirates,1981,0,1813286,-1813286,24
United Arab Emirates,1982,0,936588,-936588,24
United Arab Emirates,1983,0,598545,-598545,24
United Arab Emirates,1984,0,505928,-505928,24
United Arab Emirates,1985,0,136260119,-136260119,24
United Arab Emirates,1987,0,131760270,-131760270,24
United Arab Emirates,1994,0,9485289,-9485289,24
United Arab Emirates,1995,0,1579978,-1579978,24
United Arab Emirates,1996,0,1038083,-1038083,24
United Arab Emirates,1997,0,1002901,-1002901,24
United Arab Emirates,1998,0,461121,-461121,24
United Arab Emirates,1999,0,595520,-595520,24
United Arab Emirates,2000,0,628944,-628944,24
United Arab Emirates,2001,0,2140111,-2140111,24
United Arab Emirates,2002,0,1783343,-1783343,24
United Arab Emirates,2003,0,2325618,-2325618,24
United Arab Emirates,2004,0,3451690,-3451690,24
Slovenia,2010,135720,0,135720,25
Slovenia,2013,14308,0,14308,25
Slovenia,1992,0,10624910,-10624910,25
Slovenia,1993,0,2609520,-2609520,25
Slovenia,1994,0,12375582,-12375582,25
Slovenia,1995,0,7405043,-7405043,25
Slovenia,1996,0,90121406,-90121406,25
Slovenia,1997,0,7858148,-7858148,25
Slovenia,1998,0,8484412,-8484412,25
Slovenia,1999,0,12831539,-12831539,25
Slovenia,2000,0,32556545,-32556545,25
Slovenia,2001,0,13913044,-13913044,25
Slovenia,2002,0,7663650,-7663650,25
Slovenia,2003,0,6291746,-6291746,25
Slovenia,2004,0,12414136,-12414136,25
Slovenia,2006,0,74572,-74572,25
Slovenia,2007,0,105426,-105426,25
Slovenia,2008,0,105521,-105521,25
New Zealand,1981,752775,0,752775,26
New Zealand,1982,572352,213884594,-213312242,26
New Zealand,1983,216892,0,216892,26
New Zealand,1985,4831732,0,4831732,26
New Zealand,1995,1551034,0,1551034,26
New Zealand,2002,3965321,0,3965321,26
New Zealand,2003,5429394,0,5429394,26
New Zealand,2004,5342910,0,5342910,26
New Zealand,2005,5156674,0,5156674,26
New Zealand,2006,4390620,0,4390620,26
New Zealand,2007,4179628,0,4179628,26
New Zealand,2008,4836516,0,4836516,26
New Zealand,2009,4720299,0,4720299,26
New Zealand,2010,3518946,0,3518946,26
New Zealand,2011,3623798,0,3623798,26
New Zealand,2012,1722664,0,1722664,26
New Zealand,2013,1938330,0,1938330,26
New Zealand,1980,0,11703716,-11703716,26
Australia,1973,46285863,0,46285863,27
Australia,1974,26950877,0,26950877,27
Australia,1975,77691781,0,77691781,27
Australia,1976,27718070,0,27718070,27
Australia,1977,72648152,0,72648152,27
Australia,1978,47483698,0,47483698,27
Australia,1979,9763598,0,9763598,27
Australia,1980,23283790,54502260,-31218470,27
Australia,1981,18425831,747648005,-729222174,27
Australia,1982,10458375,2599450,7858925,27
Australia,1983,7388539,0,7388539,27
Australia,1984,3698286,0,3698286,27
Australia,1985,6929573,0,6929573,27
Australia,1986,25229662,0,25229662,27
Australia,1987,18309923,0,18309923,27
Australia,1988,1758350,0,1758350,27
Australia,1989,163270223,0,163270223,27
Australia,1990,93432068,0,93432068,27
Australia,1991,518306838,0,518306838,27
Australia,1992,57379649,193553716,-136174067,27
Australia,1993,37557879,79262311,-41704432,27
Australia,1994,62005978,321233163,-259227185,27
Australia,1995,87263724,343759453,-256495729,27
Australia,1996,80468022,0,80468022,27
Australia,1997,99085271,0,99085271,27
Australia,1998,60046657,133176980,-73130323,27
Australia,1999,87775767,0,87775767,27
Australia,2000,115957719,0,115957719,27
Australia,2001,99427776,0,99427776,27
Australia,2002,45235182,696882923,-651647741,27
Australia,2003,94571888,0,94571888,27
Australia,2004,17256770,0,17256770,27
Australia,2005,28927690,0,28927690,27
Australia,2006,27058214,0,27058214,27
Australia,2007,13864351,0,13864351,27
Australia,2008,18754564,0,18754564,27
Australia,2009,17680084,0,17680084,27
Australia,2010,32806019,0,32806019,27
Australia,2011,41545539,0,41545539,27
Australia,2012,55649016,0,55649016,27
Australia,2013,67265056,0,67265056,27
Portugal,1996,331133,0,331133,28
Portugal,1997,344667,0,344667,28
Portugal,1998,100751,0,100751,28
Portugal,1999,2099809,0,2099809,28
Portugal,2000,2738129,0,2738129,28
Portugal,2001,4477740,0,4477740,28
Portugal,2002,7394633,0,7394633,28
Portugal,2003,1051124,0,1051124,28
Portugal,2004,2805269,0,2805269,28
Portugal,2005,2827761,0,2827761,28
Portugal,2006,2556983,0,2556983,28
Portugal,2007,4973178,0,4973178,28
Portugal,2008,2596175,113058,2483117,28
Portugal,2009,2079818,0,2079818,28
Portugal,2010,9121622,0,9121622,28
Portugal,2011,9036429,0,9036429,28
Portugal,2012,7736231,0,7736231,28
Portugal,2013,6629414,0,6629414,28
Portugal,1980,0,4136160,-4136160,28
Portugal,1981,0,144765310,-144765310,28
Portugal,1984,0,1826510,-1826510,28
Portugal,1986,0,21863247,-21863247,28
Portugal,1988,0,2538321,-2538321,28
Iceland,2012,39083,0,39083,29
Iceland,2013,133418,0,133418,29
Iceland,1980,0,18060045,-18060045,29
Liechtenstein,1981,199326,18264370,-18065044,30
Liechtenstein,1982,734297,0,734297,30
Liechtenstein,1983,63282,0,63282,30
Liechtenstein,1989,11161,0,11161,30
Liechtenstein,1990,299897,0,299897,30
Liechtenstein,1993,124845,0,124845,30
Liechtenstein,1994,86232,0,86232,30
Liechtenstein,1996,141858,0,141858,30
Liechtenstein,1997,104054,0,104054,30
Liechtenstein,1998,98845,0,98845,30
Liechtenstein,2000,380208,0,380208,30
Liechtenstein,2001,264468,0,264468,30
Liechtenstein,2002,147592,10053,137539,30
Liechtenstein,2003,544967,0,544967,30
Liechtenstein,2004,216815,0,216815,30
Liechtenstein,2005,494415,51947,442468,30
Liechtenstein,2006,121077,0,121077,30
Liechtenstein,2007,199170,0,199170,30
Liechtenstein,2008,138191,66713,71478,30
Monaco,2006,119315,0,119315,31
Monaco,2007,264319,0,264319,31
Monaco,2008,557753,0,557753,31
Austria,1974,24126329,0,24126329,32
Austria,1976,12981849,0,12981849,32
Austria,1977,2608725,0,2608725,32
Austria,1978,27058314,0,27058314,32
Austria,1979,2480539,0,2480539,32
Austria,1980,2720513,157632201,-154911688,32
Austria,1981,53422527,163916,53258611,32
Austria,1982,272169,58590672,-58318503,32
Austria,1983,17235616,0,17235616,32
Austria,1985,87348212,0,87348212,32
Austria,1986,15801537,0,15801537,32
Austria,1987,77374,0,77374,32
Austria,1988,400964,0,400964,32
Austria,1989,18299145,0,18299145,32
Austria,1990,3458667,0,3458667,32
Austria,1991,43662774,0,43662774,32
Austria,1992,7690278,0,7690278,32
Austria,1993,8599286,132570772,-123971486,32
Austria,1994,496076,0,496076,32
Austria,1995,2349112,0,2349112,32
Austria,1996,31485810,56293,31429517,32
Austria,1997,18810672,0,18810672,32
Austria,1998,17433736,0,17433736,32
Austria,1999,27735866,0,27735866,32
Austria,2000,41623882,0,41623882,32
Austria,2001,64630850,171695803,-107064953,32
Austria,2002,64136019,249428720,-185292701,32
Austria,2003,57940744,0,57940744,32
Austria,2004,46228250,1508,46226742,32
Austria,2005,17870615,127534,17743081,32
Austria,2006,8003253,0,8003253,32
Austria,2007,11550522,0,11550522,32
Austria,2008,6949094,0,6949094,32
Austria,2009,7871776,0,7871776,32
Austria,2010,8224524,0,8224524,32
Austria,2011,5945013,0,5945013,32
Austria,2012,9369281,0,9369281,32
Austria,2013,7169039,0,7169039,32
Finland,1983,3517060,70538468,-67021408,33
Finland,1987,1482877,0,1482877,33
Finland,1988,447649,0,447649,33
Finland,1989,16608550,0,16608550,33
Finland,1990,4220992,0,4220992,33
Finland,1991,30659992,0,30659992,33
Finland,1992,69776266,0,69776266,33
Finland,1993,15643128,0,15643128,33
Finland,1994,30027227,0,30027227,33
Finland,1995,20700602,0,20700602,33
Finland,1996,20289146,0,20289146,33
Finland,1997,28181494,0,28181494,33
Finland,1998,10099793,0,10099793,33
Finland,1999,17111953,0,17111953,33
Finland,2000,23911436,0,23911436,33
Finland,2001,17586870,0,17586870,33
Finland,2002,35865984,0,35865984,33
Finland,2003,19462895,0,19462895,33
Finland,2004,23784055,0,23784055,33
Finland,2005,50908114,0,50908114,33
Finland,2006,25456746,73670,25383076,33
Finland,2007,19522990,0,19522990,33
Finland,2008,39238852,0,39238852,33
Finland,2009,64703548,0,64703548,33
Finland,2010,20238960,0,20238960,33
Finland,2011,34660814,0,34660814,33
Finland,2012,7911710,0,7911710,33
Finland,2013,13933712,0,13933712,33
Finland,1984,0,26553629,-26553629,33
Finland,1986,0,83529726,-83529726,33
Italy,1973,166719069,0,166719069,34
Italy,1976,35601469,0,35601469,34
Italy,1983,33513460,147595542,-114082082,34
Italy,1984,225774377,551936148,-326161771,34
Italy,1985,164182162,0,164182162,34
Italy,1986,48874532,0,48874532,34
Italy,1987,282071099,0,282071099,34
Italy,1988,116403581,0,116403581,34
Italy,1989,112626078,0,112626078,34
Italy,1990,136489843,0,136489843,34
Italy,1991,138712028,0,138712028,34
Italy,1992,170049742,0,170049742,34
Italy,1993,124373956,277419753,-153045797,34
Italy,1994,25806540,524992994,-499186454,34
Italy,1995,1397467126,0,1397467126,34
Italy,1996,26143275,0,26143275,34
Italy,1997,11342151,0,11342151,34
Italy,1998,24433295,0,24433295,34
Italy,1999,23505452,0,23505452,34
Italy,2000,34877961,92408,34785553,34
Italy,2001,61884442,0,61884442,34
Italy,2002,31576918,0,31576918,34
Italy,2003,15582599,35589,15547010,34
Italy,2004,65385193,0,65385193,34
Italy,2005,69732388,0,69732388,34
Italy,2006,28923679,0,28923679,34
Italy,2007,33580751,0,33580751,34
Italy,2008,38676392,0,38676392,34
Italy,2009,53936210,0,53936210,34
Italy,2010,40421158,0,40421158,34
Italy,2011,49349085,0,49349085,34
Italy,2012,23960216,0,23960216,34
Italy,2013,23679747,0,23679747,34
Italy,1980,0,894504816,-894504816,34
Italy,1981,0,3585196,-3585196,34
Italy,1982,0,663971,-663971,34
Spain,1989,100535177,0,100535177,35
Spain,1990,33912950,0,33912950,35
Spain,1991,134873730,0,134873730,35
Spain,1993,36693281,0,36693281,35
Spain,1994,6797785,0,6797785,35
Spain,1995,24737384,0,24737384,35
Spain,1996,41887270,0,41887270,35
Spain,1997,61562728,0,61562728,35
Spain,1998,56295291,0,56295291,35
Spain,1999,79380361,0,79380361,35
Spain,2000,59684269,0,59684269,35
Spain,2001,71240556,0,71240556,35
Spain,2002,76217540,0,76217540,35
Spain,2003,134313618,0,134313618,35
Spain,2004,62843645,0,62843645,35
Spain,2005,81547019,0,81547019,35
Spain,2006,102707597,0,102707597,35
Spain,2007,118856065,0,118856065,35
Spain,2008,152422527,0,152422527,35
Spain,2009,238613474,0,238613474,35
Spain,2010,128037041,0,128037041,35
Spain,2011,100140152,0,100140152,35
Spain,2012,55560499,0,55560499,35
Spain,2013,55835945,0,55835945,35
Spain,1980,0,285026867,-285026867,35
Spain,1981,0,199457361,-199457361,35
Spain,1982,0,77227580,-77227580,35
Belgium,1973,39251336,0,39251336,36
Belgium,1974,43588598,0,43588598,36
Belgium,1975,38863307,0,38863307,36
Belgium,1976,36126619,0,36126619,36
Belgium,1977,35853879,0,35853879,36
Belgium,1978,32189217,0,32189217,36
Belgium,1979,30801519,0,30801519,36
Belgium,1981,61917902,36477733,25440169,36
Belgium,1983,46243316,0,46243316,36
Belgium,1985,4191839,0,4191839,36
Belgium,1989,183930257,0,183930257,36
Belgium,1990,187058124,0,187058124,36
Belgium,1992,470688315,0,470688315,36
Belgium,1993,75567601,0,75567601,36
Belgium,1994,26867841,0,26867841,36
Belgium,1995,45999593,0,45999593,36
Belgium,1996,25987887,0,25987887,36
Belgium,1997,35402467,0,35402467,36
Belgium,1998,25116690,0,25116690,36
Belgium,1999,30505209,0,30505209,36
Belgium,2000,32342289,0,32342289,36
Belgium,2001,31859079,0,31859079,36
Belgium,2002,63495593,0,63495593,36
Belgium,2003,58875247,0,58875247,36
Belgium,2004,52561101,0,52561101,36
Belgium,2005,48285276,0,48285276,36
Belgium,2006,58458568,0,58458568,36
Belgium,2007,33187081,0,33187081,36
Belgium,2008,53059381,0,53059381,36
Belgium,2009,42809116,0,42809116,36
Belgium,2010,41446751,0,41446751,36
Belgium,2011,47828984,0,47828984,36
Belgium,2012,35767940,0,35767940,36
Belgium,2013,68317348,0,68317348,36
Belgium,1980,0,147868500,-147868500,36
Denmark,1974,56839286,0,56839286,37
Denmark,1975,10392556,0,10392556,37
Denmark,1976,28849377,0,28849377,37
Denmark,1977,112241594,0,112241594,37
Denmark,1978,2086036,0,2086036,37
Denmark,1979,35943903,0,35943903,37
Denmark,1980,96585940,104288895,-7702955,37
Denmark,1981,215721283,0,215721283,37
Denmark,1982,122090821,0,122090821,37
Denmark,1983,84368125,0,84368125,37
Denmark,1984,131061636,62021691,69039945,37
Denmark,1985,154044569,0,154044569,37
Denmark,1986,110720962,0,110720962,37
Denmark,1987,149837777,0,149837777,37
Denmark,1988,119577810,0,119577810,37
Denmark,1989,133430275,0,133430275,37
Denmark,1990,58616306,0,58616306,37
Denmark,1991,80582842,0,80582842,37
Denmark,1992,40778102,0,40778102,37
Denmark,1993,67062860,0,67062860,37
Denmark,1994,110637370,0,110637370,37
Denmark,1995,73451287,0,73451287,37
Denmark,1996,244013860,0,244013860,37
Denmark,1997,79381953,0,79381953,37
Denmark,1998,15650457,0,15650457,37
Denmark,1999,75309242,0,75309242,37
Denmark,2000,37463179,0,37463179,37
Denmark,2001,77063923,0,77063923,37
Denmark,2002,91324907,0,91324907,37
Denmark,2003,57028037,0,57028037,37
Denmark,2004,25482007,0,25482007,37
Denmark,2005,125145775,0,125145775,37
Denmark,2006,10170167,0,10170167,37
Denmark,2007,21329239,0,21329239,37
Denmark,2008,16290834,0,16290834,37
Denmark,2009,6819444,0,6819444,37
Denmark,2010,21438651,0,21438651,37
Denmark,2011,33654018,0,33654018,37
Denmark,2012,14988225,0,14988225,37
Denmark,2013,4941770,0,4941770,37
Switzerland,1973,14060941,0,14060941,38
Switzerland,1974,64549529,0,64549529,38
Switzerland,1975,103204755,0,103204755,38
Switzerland,1976,43577287,0,43577287,38
Switzerland,1977,111194695,0,111194695,38
Switzerland,1978,35883359,0,35883359,38
Switzerland,1979,67821487,0,67821487,38
Switzerland,1980,10028652,0,10028652,38
Switzerland,1981,18045799,0,18045799,38
Switzerland,1982,63684924,0,63684924,38
Switzerland,1983,190427090,0,190427090,38
Switzerland,1984,116248354,0,116248354,38
Switzerland,1985,52165585,0,52165585,38
Switzerland,1986,35598036,0,35598036,38
Switzerland,1987,87982342,0,87982342,38
Switzerland,1988,32738889,0,32738889,38
Switzerland,1989,75386666,0,75386666,38
Switzerland,1990,123834846,0,123834846,38
Switzerland,1991,157754122,0,157754122,38
Switzerland,1992,31332667,0,31332667,38
Switzerland,1993,43709522,0,43709522,38
Switzerland,1994,40395940,0,40395940,38
Switzerland,1995,37875588,0,37875588,38
Switzerland,1996,63515858,0,63515858,38
Switzerland,1997,101719058,0,101719058,38
Switzerland,1998,70204297,0,70204297,38
Switzerland,1999,104482040,0,104482040,38
Switzerland,2000,129146680,184816,128961864,38
Switzerland,2001,93682742,0,93682742,38
Switzerland,2002,127936461,24996,127911465,38
Switzerland,2003,65840038,19468,65820570,38
Switzerland,2004,61749696,0,61749696,38
Switzerland,2005,70896849,97503,70799346,38
Switzerland,2006,43757262,0,43757262,38
Switzerland,2007,51309531,0,51309531,38
Switzerland,2008,39324550,0,39324550,38
Switzerland,2009,53471939,0,53471939,38
Switzerland,2010,53676771,0,53676771,38
Switzerland,2011,39344798,0,39344798,38
Switzerland,2012,41783411,0,41783411,38
Switzerland,2013,74744897,0,74744897,38
Canada,1973,437928427,0,437928427,39
Canada,1974,68502158,0,68502158,39
Canada,1975,93027681,0,93027681,39
Canada,1976,116287322,0,116287322,39
Canada,1977,38957778,0,38957778,39
Canada,1978,100516271,0,100516271,39
Canada,1979,80241209,0,80241209,39
Canada,1980,139264006,531674896,-392410890,39
Canada,1981,546970726,2540405789,-1993435063,39
Canada,1982,87937147,170174807,-82237660,39
Canada,1983,148016945,0,148016945,39
Canada,1984,691336664,153022875,538313789,39
Canada,1985,146523445,0,146523445,39
Canada,1986,392105553,0,392105553,39
Canada,1987,331152346,0,331152346,39
Canada,1988,149433255,0,149433255,39
Canada,1989,95861356,1961661,93899695,39
Canada,1990,146349000,0,146349000,39
Canada,1991,79132048,0,79132048,39
Canada,1992,203523019,0,203523019,39
Canada,1993,129123101,83925439,45197662,39
Canada,1994,83435990,0,83435990,39
Canada,1995,140853583,0,140853583,39
Canada,1996,240599471,0,240599471,39
Canada,1997,114731583,0,114731583,39
Canada,1998,385748294,0,385748294,39
Canada,1999,434102951,0,434102951,39
Canada,2000,356912625,0,356912625,39
Canada,2001,349119993,0,349119993,39
Canada,2002,242075816,587432031,-345356215,39
Canada,2003,154336187,0,154336187,39
Canada,2004,172189837,0,172189837,39
Canada,2005,66617166,0,66617166,39
Canada,2006,60308595,0,60308595,39
Canada,2007,62686742,0,62686742,39
Canada,2008,75865089,55468,75809621,39
Canada,2009,74116591,0,74116591,39
Canada,2010,66543586,0,66543586,39
Canada,2011,49798170,0,49798170,39
Canada,2012,59322273,0,59322273,39
Canada,2013,54784201,0,54784201,39
Norway,1973,35874848,0,35874848,40
Norway,1974,94887523,0,94887523,40
Norway,1975,64575343,0,64575343,40
Norway,1976,10419282,0,10419282,40
Norway,1977,60133610,0,60133610,40
Norway,1978,147255461,0,147255461,40
Norway,1979,140327273,0,140327273,40
Norway,1980,41738095,43725131,-1987036,40
Norway,1981,51124921,130936843,-79811922,40
Norway,1982,110623404,63586018,47037386,40
Norway,1984,101664449,0,101664449,40
Norway,1985,85932533,0,85932533,40
Norway,1986,9848663,0,9848663,40
Norway,1987,244641035,0,244641035,40
Norway,1988,20840875,0,20840875,40
Norway,1989,51903997,0,51903997,40
Norway,1990,22442656,0,22442656,40
Norway,1991,58788041,0,58788041,40
Norway,1992,40117760,62668301,-22550541,40
Norway,1993,72847215,67085688,5761527,40
Norway,1994,126824955,0,126824955,40
Norway,1995,73931976,0,73931976,40
Norway,1996,66497399,0,66497399,40
Norway,1997,71998190,0,71998190,40
Norway,1998,57457846,0,57457846,40
Norway,1999,92238378,0,92238378,40
Norway,2000,127714893,0,127714893,40
Norway,2001,209376138,0,209376138,40
Norway,2002,73856084,0,73856084,40
Norway,2003,38448603,0,38448603,40
Norway,2004,41531404,0,41531404,40
Norway,2005,83655835,0,83655835,40
Norway,2006,324841794,0,324841794,40
Norway,2007,116693404,0,116693404,40
Norway,2008,58648457,0,58648457,40
Norway,2009,237828698,0,237828698,40
Norway,2010,323665853,0,323665853,40
Norway,2011,268584661,0,268584661,40
Norway,2012,262015590,0,262015590,40
Norway,2013,295017276,0,295017276,40
Sweden,1973,168369255,0,168369255,41
Sweden,1974,30299330,0,30299330,41
Sweden,1975,201059589,0,201059589,41
Sweden,1976,151806434,0,151806434,41
Sweden,1977,143468255,0,143468255,41
Sweden,1978,472112462,0,472112462,41
Sweden,1979,253701905,0,253701905,41
Sweden,1980,10679246,35282669,-24603423,41
Sweden,1981,151539023,24474486,127064537,41
Sweden,1982,147903816,0,147903816,41
Sweden,1983,136226862,0,136226862,41
Sweden,1984,133481767,0,133481767,41
Sweden,1985,123903610,0,123903610,41
Sweden,1986,198445181,0,198445181,41
Sweden,1987,72374249,0,72374249,41
Sweden,1988,185535976,0,185535976,41
Sweden,1989,946284591,0,946284591,41
Sweden,1990,400387605,0,400387605,41
Sweden,1991,173278658,0,173278658,41
Sweden,1992,272478628,0,272478628,41
Sweden,1993,117438835,0,117438835,41
Sweden,1994,171450490,0,171450490,41
Sweden,1995,233739645,0,233739645,41
Sweden,1996,142391886,0,142391886,41
Sweden,1997,126686840,0,126686840,41
Sweden,1998,117646650,0,117646650,41
Sweden,1999,121378837,0,121378837,41
Sweden,2000,68464897,0,68464897,41
Sweden,2001,95729319,0,95729319,41
Sweden,2002,48750953,0,48750953,41
Sweden,2003,109071656,0,109071656,41
Sweden,2004,58723484,0,58723484,41
Sweden,2005,89823816,0,89823816,41
Sweden,2006,48832575,0,48832575,41
Sweden,2007,45890520,0,45890520,41
Sweden,2008,40720968,0,40720968,41
Sweden,2009,76554392,0,76554392,41
Sweden,2010,94790240,0,94790240,41
Sweden,2011,57386226,0,57386226,41
Sweden,2012,42966784,0,42966784,41
Sweden,2013,82270421,0,82270421,41
Netherlands,1973,162750945,0,162750945,42
Netherlands,1974,323468392,0,323468392,42
Netherlands,1975,130708382,0,130708382,42
Netherlands,1976,426349160,0,426349160,42
Netherlands,1977,352515092,0,352515092,42
Netherlands,1978,231844808,0,231844808,42
Netherlands,1979,82256186,0,82256186,42
Netherlands,1980,352628199,0,352628199,42
Netherlands,1981,270695825,0,270695825,42
Netherlands,1982,163308875,0,163308875,42
Netherlands,1983,305883422,0,305883422,42
Netherlands,1984,192857428,0,192857428,42
Netherlands,1985,75285016,0,75285016,42
Netherlands,1986,379878579,0,379878579,42
Netherlands,1987,573020364,0,573020364,42
Netherlands,1988,277081548,0,277081548,42
Netherlands,1989,472821276,0,472821276,42
Netherlands,1990,207980200,0,207980200,42
Netherlands,1991,233871628,0,233871628,42
Netherlands,1992,269752132,0,269752132,42
Netherlands,1993,213700000,0,213700000,42
Netherlands,1994,269718206,0,269718206,42
Netherlands,1995,284400704,0,284400704,42
Netherlands,1996,328972856,0,328972856,42
Netherlands,1997,166669840,0,166669840,42
Netherlands,1998,127981057,0,127981057,42
Netherlands,1999,55292716,0,55292716,42
Netherlands,2000,106331706,0,106331706,42
Netherlands,2001,416890876,0,416890876,42
Netherlands,2002,452558367,0,452558367,42
Netherlands,2003,212985661,0,212985661,42
Netherlands,2004,91745692,0,91745692,42
Netherlands,2005,233003711,0,233003711,42
Netherlands,2006,98616009,0,98616009,42
Netherlands,2007,121033675,0,121033675,42
Netherlands,2008,69615673,0,69615673,42
Netherlands,2009,107803997,0,107803997,42
Netherlands,2010,55471821,0,55471821,42
Netherlands,2011,19530662,0,19530662,42
Netherlands,2012,11311438,0,11311438,42
Netherlands,2013,11055065,0,11055065,42
France,1973,247189555,0,247189555,43
France,1974,367384662,0,367384662,43
France,1975,192416969,0,192416969,43
France,1976,183658423,0,183658423,43
France,1977,168900067,0,168900067,43
France,1978,97437457,0,97437457,43
France,1979,25058027,0,25058027,43
France,1980,360323267,116609845,243713422,43
France,1981,277458713,120922782,156535931,43
France,1982,446543740,0,446543740,43
France,1983,164059809,0,164059809,43
France,1984,367362828,0,367362828,43
France,1985,212486003,0,212486003,43
France,1986,296394154,0,296394154,43
France,1987,254311333,0,254311333,43
France,1988,274040470,0,274040470,43
France,1989,469783071,0,469783071,43
France,1990,586988135,0,586988135,43
France,1991,75995551,0,75995551,43
France,1992,220827059,0,220827059,43
France,1993,246959806,0,246959806,43
France,1994,242597753,0,242597753,43
France,1995,184288339,0,184288339,43
France,1996,310518112,0,310518112,43
France,1997,181377579,0,181377579,43
France,1998,218643543,0,218643543,43
France,1999,195502185,0,195502185,43
France,2000,526519855,0,526519855,43
France,2001,621418995,0,621418995,43
France,2002,534709591,0,534709591,43
France,2003,507020648,0,507020648,43
France,2004,596317633,0,596317633,43
France,2005,275332592,0,275332592,43
France,2006,464260209,0,464260209,43
France,2007,401771684,0,401771684,43
France,2008,246968178,8227,246959951,43
France,2009,443827383,0,443827383,43
France,2010,479271279,0,479271279,43
France,2011,385580197,0,385580197,43
France,2012,1857862442,0,1857862442,43
France,2013,1247092339,0,1247092339,43
United Kingdom,1973,442579189,0,442579189,44
United Kingdom,1974,1405378815,0,1405378815,44
United Kingdom,1975,222187891,0,222187891,44
United Kingdom,1976,51613566,0,51613566,44
United Kingdom,1977,860011341,0,860011341,44
United Kingdom,1978,971709388,0,971709388,44
United Kingdom,1979,5012313,0,5012313,44
United Kingdom,1980,567311470,399202551,168108919,44
United Kingdom,1981,7198102,558141413,-550943311,44
United Kingdom,1982,775334730,0,775334730,44
United Kingdom,1983,571679920,0,571679920,44
United Kingdom,1984,753538727,0,753538727,44
United Kingdom,1985,1255318,0,1255318,44
United Kingdom,1986,227395004,0,227395004,44
United Kingdom,1987,829894066,0,829894066,44
United Kingdom,1988,80251575,0,80251575,44
United Kingdom,1989,269229353,0,269229353,44
United Kingdom,1990,270402953,0,270402953,44
United Kingdom,1991,270595943,0,270595943,44
United Kingdom,1992,1055458482,0,1055458482,44
United Kingdom,1993,407941751,0,407941751,44
United Kingdom,1994,297003626,0,297003626,44
United Kingdom,1995,385163028,0,385163028,44
United Kingdom,1996,934520515,0,934520515,44
United Kingdom,1997,734365792,0,734365792,44
United Kingdom,1998,703712023,0,703712023,44
United Kingdom,1999,847273116,0,847273116,44
United Kingdom,2000,725259608,0,725259608,44
United Kingdom,2001,687651442,0,687651442,44
United Kingdom,2002,650113998,0,650113998,44
United Kingdom,2003,838243526,0,838243526,44
United Kingdom,2004,879595860,0,879595860,44
United Kingdom,2005,822343669,0,822343669,44
United Kingdom,2006,800914880,0,800914880,44
United Kingdom,2007,1019400656,0,1019400656,44
United Kingdom,2008,788164298,0,788164298,44
United Kingdom,2009,979674038,0,979674038,44
United Kingdom,2010,435982774,0,435982774,44
United Kingdom,2011,238230871,0,238230871,44
United Kingdom,2012,386497679,0,386497679,44
United Kingdom,2013,490448080,0,490448080,44
Germany,1973,562232384,0,562232384,45
Germany,1974,698168091,0,698168091,45
Germany,1975,833859928,0,833859928,45
Germany,1976,639963734,0,639963734,45
Germany,1977,617148856,0,617148856,45
Germany,1978,410412482,0,410412482,45
Germany,1979,787807347,0,787807347,45
Germany,1980,654031054,0,654031054,45
Germany,1981,751727169,0,751727169,45
Germany,1982,853843929,0,853843929,45
Germany,1983,494657126,0,494657126,45
Germany,1984,950183614,0,950183614,45
Germany,1985,1590619838,0,1590619838,45
Germany,1986,539033266,0,539033266,45
Germany,1987,788040730,0,788040730,45
Germany,1988,757183394,0,757183394,45
Germany,1989,3020847013,0,3020847013,45
Germany,1990,3382157543,0,3382157543,45
Germany,1991,323668836,0,323668836,45
Germany,1992,8552232648,0,8552232648,45
Germany,1993,450749201,0,450749201,45
Germany,1994,380199578,0,380199578,45
Germany,1995,3308855279,0,3308855279,45
Germany,1996,474378180,0,474378180,45
Germany,1997,782428714,0,782428714,45
Germany,1998,323280491,0,323280491,45
Germany,1999,530422355,0,530422355,45
Germany,2000,350983095,0,350983095,45
Germany,2001,891724108,0,891724108,45
Germany,2002,744664103,0,744664103,45
Germany,2003,717917759,0,717917759,45
Germany,2004,757859065,31462,757827603,45
Germany,2005,846945037,0,846945037,45
Germany,2006,664320505,0,664320505,45
Germany,2007,977570017,28702,977541315,45
Germany,2008,1168597647,0,1168597647,45
Germany,2009,1270803240,0,1270803240,45
Germany,2010,866568253,0,866568253,45
Germany,2011,1400378605,0,1400378605,45
Germany,2012,1519377935,0,1519377935,45
Germany,2013,1582596672,0,1582596672,45
Japan,1973,938965880,0,938965880,46
Japan,1974,2730202327,0,2730202327,46
Japan,1975,1339039677,0,1339039677,46
Japan,1976,762168614,0,762168614,46
Japan,1977,1479116934,0,1479116934,46
Japan,1978,1429326640,0,1429326640,46
Japan,1979,1014747194,0,1014747194,46
Japan,1980,1826375443,264768921,1561606522,46
Japan,1981,2935257275,446920760,2488336515,46
Japan,1982,1471338041,0,1471338041,46
Japan,1983,1760860027,0,1760860027,46
Japan,1984,2565737016,166832089,2398904927,46
Japan,1985,2525827880,269876498,2255951382,46
Japan,1986,1341662477,130559708,1211102769,46
Japan,1987,1770174669,525123264,1245051405,46
Japan,1988,3320238368,0,3320238368,46
Japan,1989,582793544,0,582793544,46
Japan,1990,2604458951,0,2604458951,46
Japan,1991,4702296751,0,4702296751,46
Japan,1992,2865776832,0,2865776832,46
Japan,1993,2494054534,0,2494054534,46
Japan,1994,2667081144,0,2667081144,46
Japan,1995,2880751774,0,2880751774,46
Japan,1996,3905453074,0,3905453074,46
Japan,1997,10777668538,0,10777668538,46
Japan,1998,4486462107,0,4486462107,46
Japan,1999,8630152095,276896345,8353255750,46
Japan,2000,1310812373,0,1310812373,46
Japan,2001,1017504389,0,1017504389,46
Japan,2002,2561928262,0,2561928262,46
Japan,2003,2147321397,0,2147321397,46
Japan,2004,2545515962,0,2545515962,46
Japan,2005,2566817614,0,2566817614,46
Japan,2006,2542330417,0,2542330417,46
Japan,2007,3544215397,0,3544215397,46
Japan,2008,4531094069,0,4531094069,46
Japan,2009,2645297987,0,2645297987,46
Japan,2010,3428196179,124673,3428071506,46
Japan,2011,2635586602,0,2635586602,46
Japan,2012,4256445621,0,4256445621,46
Japan,2013,2641200097,0,2641200097,46
United States,1973,1553264205,0,1553264205,47
United States,1974,871092243,0,871092243,47
United States,1975,944272511,0,944272511,47
United States,1976,897290248,0,897290248,47
United States,1977,246198361,0,246198361,47
United States,1978,438452911,0,438452911,47
United States,1979,717779582,0,717779582,47
United States,1980,6864224034,0,6864224034,47
United States,1981,8124423748,0,8124423748,47
United States,1982,3462490652,0,3462490652,47
United States,1983,1091122225,0,1091122225,47
United States,1984,2515278485,0,2515278485,47
United States,1985,2735617446,0,2735617446,47
United States,1986,1334668057,0,1334668057,47
United States,1987,1846214071,0,1846214071,47
United States,1988,1051167154,0,1051167154,47
United States,1989,1065107732,0,1065107732,47
United States,1990,1722305682,0,1722305682,47
United States,1991,2887003516,0,2887003516,47
United States,1992,11399278504,0,11399278504,47
United States,1993,4501838784,0,4501838784,47
United States,1994,8154319014,0,8154319014,47
United States,1995,3392574370,0,3392574370,47
United States,1996,4595800488,0,4595800488,47
United States,1997,3423306503,0,3423306503,47
United States,1998,2460766389,0,2460766389,47
United States,1999,7962084321,0,7962084321,47
United States,2000,6008166308,0,6008166308,47
United States,2001,4136147099,0,4136147099,47
United States,2002,4549559432,4920,4549554512,47
United States,2003,1258474359,0,1258474359,47
United States,2004,1328167876,0,1328167876,47
United States,2005,1350566958,0,1350566958,47
United States,2006,1935937419,0,1935937419,47
United States,2007,1111447327,104519053,1006928274,47
United States,2008,1715190276,1019,1715189257,47
United States,2009,1695864746,0,1695864746,47
United States,2010,1517053044,0,1517053044,47
United States,2011,1158991620,0,1158991620,47
United States,2012,1093496899,0,1093496899,47
United States,2013,1059333467,0,1059333467,47