﻿donor,recipient,Transport,Energy,Agriculture,Industry,Debt
Australia,Brazil,0.0,0.0,7.8,0.0,0.0
Australia,Chile,0.0,0.0,0.8,0.3,0.0
Australia,Colombia,0.0,0.0,3.1,0.0,0.0
Australia,India,0.7,0.6,15.2,21.5,0.0
Australia,Korea,0.0,0.0,22.8,0.1,0.0
Australia,Poland,0.0,0.0,0.0,0.0,0.0
Australia,Saudi Arabia,0.0,0.0,0.0,0.0,0.0
Australia,South Africa,0.0,0.0,7.6,1.6,0.0
Australia,Thailand,9.0,1.2,2.4,2.6,0.0
Austria,Brazil,0.0,0.1,6.1,10.9,0.0
Austria,Chile,0.0,0.0,14.4,0.0,0.0
Austria,Colombia,13.9,0.1,1.4,0.0,0.0
Austria,India,0.2,5.0,0.2,4.4,12.8
Austria,Korea,0.0,0.0,0.0,0.0,0.0
Austria,Kuwait,0.0,0.0,0.0,0.0,0.0
Austria,Poland,0.0,0.0,0.0,0.0,0.0
Austria,Saudi Arabia,29.0,0.0,0.0,9.5,0.0
Austria,South Africa,0.1,2.0,4.2,0.0,0.0
Austria,Thailand,0.0,34.5,0.0,3.3,0.0
Belgium,Brazil,1.9,0.0,11.2,3.3,44.8
Belgium,Chile,1.2,0.0,9.0,6.8,0.0
Belgium,Colombia,0.2,0.5,5.3,2.1,0.0
Belgium,India,0.0,0.8,0.8,2.3,3.4
Belgium,Korea,0.0,0.0,0.0,0.0,0.0
Belgium,Poland,0.0,0.0,0.0,0.0,99.6
Belgium,Saudi Arabia,0.0,0.0,0.0,0.0,0.0
Belgium,South Africa,0.0,0.0,13.8,1.8,0.0
Belgium,Thailand,3.1,4.0,19.8,13.6,0.0
Canada,Brazil,0.2,2.4,5.0,26.8,0.0
Canada,Chile,1.5,1.1,12.5,20.7,0.0
Canada,Colombia,0.0,2.6,6.6,6.7,3.5
Canada,India,0.5,24.9,34.5,11.1,1.2
Canada,Korea,0.0,0.0,0.0,0.0,0.0
Canada,Kuwait,0.0,0.0,0.0,0.0,0.0
Canada,Poland,0.1,0.0,0.4,3.9,94.0
Canada,Saudi Arabia,0.0,0.0,0.0,0.0,0.0
Canada,South Africa,0.0,1.0,0.8,10.4,0.0
Canada,Thailand,0.3,14.8,7.1,15.3,0.0
Denmark,Brazil,0.0,0.0,0.0,0.0,0.0
Denmark,Chile,0.0,0.0,0.3,0.0,0.0
Denmark,Colombia,0.0,0.0,0.0,6.4,0.0
Denmark,India,0.8,5.4,15.4,13.2,1.2
Denmark,South Africa,0.0,1.8,0.2,6.2,0.0
Denmark,Thailand,5.3,1.9,13.8,3.3,0.0
Finland,Brazil,0.0,0.8,0.9,17.5,0.0
Finland,Chile,0.0,0.0,11.2,2.3,0.0
Finland,Colombia,0.0,0.2,2.5,0.0,0.0
Finland,India,0.0,2.5,0.6,45.4,0.2
Finland,Poland,0.0,0.0,0.0,87.9,0.0
Finland,Saudi Arabia,0.0,0.0,0.0,0.0,0.0
Finland,South Africa,0.0,0.0,7.9,1.1,0.0
Finland,Thailand,0.0,11.1,5.7,56.8,0.0
France,Brazil,20.7,20.5,4.3,0.9,1.2
France,Chile,32.9,0.1,1.4,0.5,3.8
France,Colombia,12.4,0.6,1.3,0.7,0.0
France,India,6.3,16.8,2.3,34.1,4.0
France,Korea,0.8,0.8,0.2,19.7,0.0
France,Kuwait,0.0,0.0,0.0,0.1,0.0
France,Poland,0.2,0.1,0.1,0.4,69.0
France,Saudi Arabia,0.0,0.0,0.2,0.4,0.0
France,South Africa,2.0,16.0,1.9,0.9,0.0
France,Thailand,10.5,41.9,6.1,2.9,0.0
Germany,Brazil,5.4,16.7,7.3,5.3,9.7
Germany,Chile,0.1,14.2,1.9,1.1,14.9
Germany,Colombia,16.7,5.0,4.6,4.3,0.0
Germany,India,2.8,25.5,6.1,17.9,3.9
Germany,Korea,4.2,8.5,13.7,23.9,0.2
Germany,Kuwait,0.0,0.0,0.0,0.0,1.3
Germany,Poland,0.0,0.0,0.0,0.0,98.3
Germany,Saudi Arabia,0.0,0.0,0.0,0.0,11.3
Germany,South Africa,0.0,19.7,1.8,0.4,0.0
Germany,Thailand,9.6,30.3,9.6,10.3,0.1
Italy,Brazil,0.0,0.1,2.2,0.1,74.6
Italy,Chile,0.0,0.0,4.7,1.3,0.0
Italy,Colombia,4.1,41.4,7.3,8.5,0.0
Italy,India,0.0,32.3,6.3,26.3,6.0
Italy,Korea,0.0,0.0,0.0,0.0,0.0
Italy,Kuwait,0.0,0.0,0.0,0.0,0.0
Italy,Poland,3.6,0.0,0.3,10.6,0.0
Italy,Saudi Arabia,0.0,0.0,0.0,0.0,0.0
Italy,South Africa,0.0,0.1,0.1,0.0,0.0
Italy,Thailand,4.3,2.0,38.2,0.0,0.0
Japan,Brazil,21.1,7.4,9.2,8.5,1.1
Japan,Chile,11.7,0.0,49.3,1.5,0.5
Japan,Colombia,0.5,24.4,7.0,16.7,0.0
Japan,India,27.8,25.8,7.1,14.2,2.5
Japan,Korea,8.4,10.1,7.3,31.2,0.0
Japan,Kuwait,11.9,0.0,0.0,0.0,0.0
Japan,Poland,2.2,0.1,0.0,0.9,88.2
Japan,Saudi Arabia,1.8,0.0,0.0,91.1,0.0
Japan,South Africa,33.2,14.8,0.2,12.2,0.0
Japan,Thailand,36.7,9.9,8.3,6.7,0.0
Korea,Brazil,0.0,0.0,0.5,87.3,0.0
Korea,Chile,0.1,0.0,0.0,90.2,0.0
Korea,Colombia,0.3,0.0,6.2,4.3,0.0
Korea,India,62.7,0.0,0.0,27.5,0.0
Korea,Saudi Arabia,0.0,85.8,0.0,0.0,0.0
Korea,South Africa,0.0,0.1,1.0,83.4,0.0
Korea,Thailand,0.2,2.9,2.2,49.7,0.0
Kuwait,India,0.1,56.0,4.9,29.6,0.0
Kuwait,Thailand,0.0,100.0,0.0,0.0,0.0
Netherlands,Brazil,0.0,0.0,17.8,2.6,5.0
Netherlands,Chile,0.1,0.0,1.5,0.0,2.4
Netherlands,Colombia,2.8,4.7,13.5,0.4,0.0
Netherlands,India,16.2,1.8,26.5,1.4,6.6
Netherlands,Korea,0.0,0.0,0.0,0.0,0.0
Netherlands,Kuwait,0.0,0.0,0.0,0.0,0.0
Netherlands,Poland,0.0,0.0,0.0,0.0,0.0
Netherlands,Saudi Arabia,0.0,0.0,0.0,0.0,0.0
Netherlands,South Africa,0.0,0.2,2.2,1.2,0.0
Netherlands,Thailand,0.2,0.5,22.5,13.9,4.1
Norway,Brazil,0.0,1.2,85.8,0.1,0.0
Norway,Chile,0.5,28.3,9.7,1.9,0.0
Norway,Colombia,0.0,0.0,0.2,0.1,0.0
Norway,India,0.2,0.9,18.2,11.6,0.1
Norway,Poland,0.0,7.6,13.3,0.0,0.0
Norway,Saudi Arabia,0.0,0.0,0.0,0.0,0.0
Norway,South Africa,0.4,5.8,3.4,4.1,0.0
Norway,Thailand,0.5,6.3,4.7,11.0,0.0
Saudi Arabia,Brazil,0.0,100.0,0.0,0.0,0.0
Saudi Arabia,India,20.0,75.2,0.0,0.0,0.0
Saudi Arabia,Korea,100.0,0.0,0.0,0.0,0.0
Saudi Arabia,Thailand,0.0,100.0,0.0,0.0,0.0
Spain,Brazil,0.3,0.3,5.0,2.7,0.0
Spain,Chile,0.0,0.3,1.6,3.2,0.0
Spain,Colombia,0.1,0.2,2.1,1.5,0.0
Spain,India,39.5,0.0,4.3,1.2,0.0
Spain,Korea,0.0,0.0,0.0,0.0,0.0
Spain,Kuwait,0.0,0.0,0.0,0.0,0.0
Spain,Poland,0.0,0.0,0.0,0.0,0.0
Spain,Saudi Arabia,0.0,0.0,0.0,0.0,0.0
Spain,South Africa,0.0,0.0,0.1,0.9,0.0
Spain,Thailand,0.0,0.8,13.9,1.0,0.0
Sweden,Brazil,0.0,0.3,4.7,0.0,0.0
Sweden,Chile,1.3,0.0,0.4,11.0,0.0
Sweden,Colombia,0.0,0.0,0.2,0.1,0.0
Sweden,India,0.1,18.7,9.8,0.6,8.9
Sweden,Kuwait,0.0,0.0,0.0,0.0,0.0
Sweden,Poland,0.7,6.1,1.7,1.6,0.0
Sweden,South Africa,0.0,0.0,0.1,1.5,0.0
Sweden,Thailand,1.0,0.5,0.7,9.5,0.0
Switzerland,Brazil,0.0,0.0,0.6,1.1,0.0
Switzerland,Chile,0.0,0.0,1.1,5.3,0.0
Switzerland,Colombia,0.0,6.1,2.4,2.2,0.0
Switzerland,India,0.0,0.9,23.2,7.8,4.3
Switzerland,Korea,0.0,0.0,0.0,0.0,0.0
Switzerland,Poland,0.0,0.0,29.2,0.0,0.0
Switzerland,South Africa,0.0,0.1,5.9,3.1,0.1
Switzerland,Thailand,0.0,4.2,3.7,0.0,0.0
UK,Brazil,0.0,14.6,15.6,6.3,6.1
UK,Chile,7.1,0.7,2.8,4.5,15.1
UK,Colombia,1.0,5.0,15.0,3.8,0.0
UK,India,3.7,16.0,2.7,4.8,1.7
UK,Korea,0.0,0.0,0.0,0.0,0.0
UK,Poland,1.7,5.0,8.5,24.9,0.0
UK,Saudi Arabia,0.0,9.2,0.0,0.0,0.0
UK,South Africa,10.4,3.9,2.2,8.3,0.0
UK,Thailand,3.1,6.2,30.5,38.0,0.0
US,Brazil,28.9,10.4,0.2,19.7,0.0
US,Chile,21.2,2.9,3.5,41.0,0.5
US,Colombia,2.2,11.5,4.7,15.2,0.1
US,India,14.0,11.3,8.7,10.8,1.6
US,Korea,48.1,12.5,1.3,7.8,2.6
US,Kuwait,0.0,0.3,0.0,3.8,0.0
US,Poland,32.9,0.3,0.4,24.7,0.0
US,Saudi Arabia,78.8,3.0,0.0,7.0,0.0
US,South Africa,13.0,0.5,0.3,0.2,0.0
US,Thailand,21.4,10.5,3.5,27.7,0.1